English,Lisu, When/Why

---- Grammar Starts Here ----

---- "#" starts here ----

.,꓿
?,?

---- "A" starts here ----

a (animal),(animal) ꓕꓲꓽ ꓘ.
a (flower),(flower) ꓕꓲꓽ ꓪꓰ, "uses for flower"
a (fruit),(fruit) ꓕꓲꓽ ꓢꓶ, "uses for round objects, eggs and fruits"
a (leaf / paper / paper money / rug), "(leaf / paper / paper money / rug) ꓕꓲꓽ ꓒꓬꓺ", "useage: leaf, paper, paper money and rug (thin flat objects)"
a (object),ꓕꓲꓽ ꓟ (an indefinite article)
a (object),ꓕꓲꓽ ꓟ (an indefinite article)
a (objects),(object) ꓕꓲꓽ ꓟ
a (person),(person) ꓕꓲꓽ ꓣꓳꓽ, "useage: she is a good person"
a (person),ꓕꓲꓽ ꓣꓳ (an indefinite article)
a (person),ꓕꓲꓽ ꓣꓳ (an indefinite article)
a (subject),ꓕꓲꓽ ꓫꓵ (an indefinite article)
a (subject),ꓕꓲꓽ ꓫꓵ (an indefinite article)
a firmament in the midst,ꓟꓵ: ꓪꓴ
a garland to grace your head and a chain to adorn your neck.,ꓠꓴ ꓪꓴ ꓓꓵ ꓗꓪ ꓡꓳꓸ ꓐꓲ ꓓꓴ ꓪꓴ ꓕꓷꓹ ꓥ ꓢꓲ꓾ ꓠꓴ ꓗꓶ ꓝꓲꓸ ꓗꓪ ꓟ ꓡꓲ ꓪꓳꓽ ꓥ ꓡꓳ꓿
a living soul,ꓢꓯ. ꓔꓬˍ ꓟ ꓕꓲ ꓣꓳ
above the earth,ꓟꓲ ꓠꓯ ꓕꓯ ꓢꓲ
(action marker),ꓡꓰ
(Action verb),,(Action verb) ꓢꓲ꓾
Adam,ꓮ-ꓓꓯ
Adam and his wife were both naked, and they felt no shame,ꓮ-ꓓꓯˍ ꓐꓰ ꓬꓲ ꓤ ꓟꓶ ꓬꓲ ꓪ ꓠꓬꓲ: ꓟ ꓠꓬ ꓙꓬ: ꓡꓯ ꓡꓯ ꓥˍ ꓟꓲ ꓟ: ꓫ ꓔꓳ=
(adjective) (noun),(adjective) (noun)
(adverb) (verb),(adverb) (verb)
all,ꓮ ꓙꓵ
all sorts of  things,ꓬꓲ ꓫꓵꓽ ꓬꓲ ꓙꓰ
all sorts of valuable things,ꓒꓵꓽˍ ꓟ ꓬꓲ ꓫꓵꓽ ꓬꓲ ꓙꓰ
alone,ꓕꓲ ꓣꓳ ꓔꓵꓸꓼ, "useage: you are alone"
along with them,ꓬꓲ ꓪˍ ꓐꓰ ꓕꓲ ꓛꓳ
along with us,ꓥꓪ ꓠꓴˍ ꓐꓰ ꓕꓲ ꓛꓳˍ
aloud,ꓢꓯꓼ ꓓꓽ ꓟ
am,ꓠꓬ, "verb"
ambush,ꓢꓯꓼ ꓟꓬ ꓔꓯ ꓘꓽ ꓠꓹ ꓟ ꓘꓳ ꓫꓱ ꓫꓱˍ ꓗꓪ ꓦꓴ ꓠꓬ
and,ꓢꓲ ꓠꓬꓲ꓾, "uses when: go and see, come and go, eating and watching"
and,ꓢꓲ ꓠꓬꓲ꓾, "uses when: 'he called him and he said'"
And,ꓖꓳ ꓡꓱ ꓗ ꓠꓯꓸꓼ꓾, "uses when: And he keep doing it"
and (noun),ꓐꓰ (noun), "useage: him and me, you and i, apple and pen"
and (subject) said,ꓐꓰ (subject) ꓡꓰ ꓐꓯˍ ꓡꓳ
and breathed into his nostrils the breath of life; and man became a living soul.,ꓬꓲ ꓠꓺ ꓘꓴꓻ ꓗꓪ ꓢꓯ; ꓟꓬ ꓬꓲ ꓢꓯ; ꓦ ꓧꓳ: ꓖꓶˍ ꓡꓳ= ꓖꓳ ꓡꓱ ꓢꓲ ꓞꓳ ꓤ ꓠꓬ ꓢꓯ. ꓔꓬˍ ꓟ ꓕꓲ ꓣꓳ ꓒꓬꓱ; ꓡˍ ꓡꓳ=
And God made the firmament, and divided the waters which were under the firmament from the waters which were above the firmament: and it was so.,ꓖꓳ ꓡꓱ ꓢꓲ ꓪꓴ-ꓢ ꓡꓰ ꓟꓵ: ꓪꓴ ꓚꓰ; ꓢꓲ꓾ ꓟꓵ ꓪꓴ ꓠꓯ. ꓘꓪ ꓟ ꓬꓲ ꓙꓬˍ ꓐꓰ꓾ ꓟꓵ ꓪꓴ ꓕꓯ ꓢꓲ ꓟ ꓬꓲ ꓙꓬ ꓔꓯ ꓐꓱꓻ ꓗꓷ ꓠꓬ ꓬꓲ ꓖꓳ ꓡꓱ ꓒꓬꓱ; ꓡˍ ꓡꓳ=
And God said, Let the earth bring forth grass,,ꓪꓴ-ꓢ ꓡꓰ꓾ ꓟꓲ ꓠꓯ ꓔꓯ ꓠꓬ ꓟꓳ; ꓤ ꓫꓵ. ꓤ
And God said, Let the earth bring forth grass, the herb yielding seed, and the fruit tree yielding fruit after his kind, whose seed is in itself, upon the earth: and it was so.,ꓪꓴ-ꓢ ꓡꓰ꓾ ꓟꓲ ꓠꓯ ꓔꓯ ꓠꓬ ꓟꓳ; ꓤ ꓫꓵ. ꓤˍ ꓐꓰ ꓬꓲ ꓫꓵ. ꓓꓱ;ˍ ꓟ ꓪꓳ: ꓫꓵ ꓪꓳ ꓙꓰ:ˍ ꓐꓰ꓾ ꓬꓲ ꓫꓵ. ꓕꓱ, ꓞˍ ꓟ ꓢꓶ, ꓢꓶ ꓓꓱ;ˍ ꓟ ꓢꓲ, ꓜꓲ ꓡꓳ ꓜꓲ ꓙꓰ: ꓫꓵ ꓙꓰ ꓛꓳ ꓢꓲ꓾ ꓟꓲ ꓠꓯ ꓗꓪ ꓣꓱꓻ ꓡ ꓝꓲ꓾ ꓐꓯˍ ꓡꓳ= ꓖꓳ ꓡꓱ ꓠꓬ ꓬꓲ ꓖꓳ ꓡꓱ ꓒꓬꓱ; ꓡˍ ꓡꓳ=
And God said, Let there be a firmament in the midst of the waters, and let it divide the waters from the waters.,ꓪꓴ-ꓢ ꓡꓰ꓾ ꓬꓲ ꓙꓬ ꓗꓳ ꓡꓳ ꓗꓪ ꓟꓵ: ꓪꓴ ꓙꓳꓻ ꓝꓲ= ꓖꓳ ꓡꓱ ꓢꓲ ꓟꓵ: ꓪꓴ ꓖꓳ ꓟ ꓡꓰ ꓬꓲ ꓙꓬˍ ꓐꓰ ꓬꓲ ꓙꓬ ꓔꓯ ꓐꓱꓻ ꓗꓷ ꓝꓲ꓾ ꓐꓯˍ ꓡꓳ=
And God said, “Let the water under the sky be gathered to one place, and let dry ground appear.” And it was so.,ꓪꓴ-ꓢ ꓡꓰ꓾ ꓟꓴ ꓗꓪ ꓠꓯ. ꓘꓪ ꓗꓪ ꓟ ꓬꓲ ꓙꓬ ꓔꓯ ꓕꓲ ꓪꓺ; ꓜꓲ; ꓡꓰ ꓝꓲ ꓢꓲ꓾ ꓟꓲ ꓩꓴ ꓓꓳ ꓡ ꓝꓲ꓾ ꓐꓰ ꓐꓯ ꓗꓷ ꓠꓬ꓾ ꓬꓲ ꓖꓳ ꓡꓱ ꓒꓬꓱ; ꓡˍ ꓡꓳ=
And God said, “Let there be light,” and there was light.,ꓪꓴ-ꓢ ꓡꓰ꓾ ꓠꓬꓲ ꓟꓳ ꓓꓴ ꓙꓳꓻ ꓡ ꓝꓲ꓾ ꓐꓰ ꓐꓯ ꓗꓷ ꓠꓬ꓾ ꓠꓬꓲ ꓟꓳ ꓓꓴ ꓙꓳ ꓡˍ ꓡꓳ=
And God saw that it was good.,ꓖꓳ ꓟ ꓠꓬ ꓙꓲˍ ꓡꓳ꓾ ꓐꓰ ꓪꓴ-ꓢ ꓡꓳ. ꓟꓳˍ ꓡꓳ=
And it was so.,ꓬꓲ ꓖꓳ ꓡꓱ ꓒꓬꓱ; ꓡˍ ꓡꓳ=
and man became a living soul.,ꓖꓳ ꓡꓱ ꓢꓲ ꓞꓳ ꓤ ꓠꓬ ꓢꓯ. ꓔꓬˍ ꓟ ꓕꓲ ꓣꓳ ꓒꓬꓱ; ꓡˍ ꓡꓳ=
And the earth brought forth grass, and herb yielding seed after his kind, and the tree yielding fruit, whose seed was in itself, after his kind: and God saw that it was good.,ꓖꓳ ꓡꓱ ꓠꓬ ꓟꓲ ꓠꓯ ꓗꓪ ꓟꓳ; ꓤ ꓫꓵ. ꓤˍ ꓐꓰ꓾ ꓙꓰ: ꓫꓵ ꓙꓰ ꓛꓳ ꓢꓲ ꓬꓲ ꓫꓵ. ꓓꓱ;ˍ ꓟ ꓪꓳ ꓫꓵ ꓪꓳ ꓙꓰˍ ꓐꓰ꓾ ꓙꓰ: ꓫꓵ ꓙꓰ ꓛꓳ ꓢꓲ ꓬꓲ ꓫꓵ. ꓕꓱ, ꓞˍ ꓟ ꓢꓶ, ꓢꓶ ꓓꓱ;ˍ ꓟ ꓢꓲ, ꓜꓲ ꓡꓳ ꓜꓲ ꓣꓱ ꓡˍ ꓡꓳ= ꓖꓳ ꓟ ꓠꓬ ꓙꓲˍ ꓟ ꓥ ꓡꓳ꓾ ꓐꓰ ꓪꓴ-ꓢ ꓡꓳ. ꓟꓳˍ ꓡꓳ=
And the evening and the morning were the second day.,ꓖꓳ ꓡꓱ ꓠꓬꓲ ꓟꓰꓻ ꓝꓲ ꓠꓯ; ꓝꓲ ꓙꓳ ꓢꓲ꓾ ꓠꓬꓲ: ꓠꓬꓲ ꓕꓲ ꓠꓬꓲ ꓥ ꓡꓳ=
And the evening and the morning were the third day.,ꓖꓳ ꓡꓱ ꓠꓬꓲ ꓟꓰꓻ ꓝꓲ ꓠꓯ; ꓝꓲ ꓙꓳ ꓢꓲ꓾ ꓢ ꓠꓬꓲ ꓕꓲ ꓠꓬꓲ ꓥ ꓡꓳ=
and the fruit tree yielding fruit after his kind, whose seed is in itself,,ꓬꓲ ꓫꓵ. ꓕꓱ, ꓞˍ ꓟ ꓢꓶ, ꓢꓶ ꓓꓱ;ˍ ꓟ ꓢꓲ, ꓜꓲ ꓡꓳ ꓜꓲ ꓙꓰ: ꓫꓵ ꓙꓰ ꓛꓳ ꓢꓲ꓾
and the gathered waters he called “seas.”,ꓕꓲ ꓪꓺ; ꓐꓰ ꓜꓲ; ꓞˍ ꓟ ꓬꓲ ꓙꓬ ꓔꓯ ꓠꓬ ꓬꓲ ꓡꓰ꓾ ꓬꓲꓻ ꓡꓴ ꓐꓱ꓾ ꓐꓰ ꓟꓬꓱ ꓖꓶˍ ꓡꓳ=
and the Spirit of God was hovering over the waters.,ꓪꓴ-ꓢ ꓦꓻ ꓠꓬ ꓬꓲ ꓙꓬ ꓕꓯ ꓢꓲ ꓗꓪ ꓮ' ꓔꓬˍ ꓡꓳ=
and the waters which were under the firmament from the waters which were above the firmament,ꓟꓵ ꓪꓴ ꓠꓯ. ꓘꓪ ꓟ ꓬꓲ ꓙꓬˍ ꓐꓰ
And then,ꓖꓳ ꓡꓱ ꓗ ꓠꓯꓸꓼ꓾
And there was,ꓖꓳ ꓡꓱ ꓠꓬꓲ
any,ꓮ ꓡꓲ
any tree,ꓮ ꓡꓲ ꓢꓲ, ꓜꓲ
appear,ꓓꓳ ꓡ
are,ꓠꓬ, "verb"

---- "B" starts here ----

Be fruitful and increase in number;,ꓠꓴ ꓪ ꓠꓬ ꓤ ꓦꓵꓻ ꓠꓱ ꓦꓵ ꓢꓲ ꓮ ꓟꓬ, ꓟꓬ: ꓡ ꓢꓲ ꓠꓬꓲ꓾
beast,ꓙꓱꓽ ꓒ ꓓꓽ ꓟ
became,ꓒꓬꓱ; ꓡ
bird,ꓠꓬ, ꓤ
bird flying above the sky,ꓟꓴ ꓗꓪ ꓗꓪ ꓠꓬ, ꓤ ꓐꓬꓱꓻ ꓔꓬ ꓡꓳ
birds,ꓠꓬ, ꓤ ꓙꓱꓻ ꓤ
bless,ꓶ; ꓥꓳ ꓙꓱ
bless (person),(person) ꓔꓯ. ꓶ; ꓥꓳ ꓙꓱ ꓖꓶˍ ꓝꓲ꓿
bless (person),(person) ꓔꓯ. ꓶ; ꓥꓳ ꓙꓱ ꓖꓶˍ ꓝꓲ꓿
bless you,ꓠꓴ ꓔꓯ. ꓶ; ꓥꓳ ꓙꓱ ꓖꓶˍ ꓝꓲ꓿
blessed,ꓶ; ꓥꓳ ꓙꓱ ꓗꓷꓳ
breathed into his nostrils the breath of life,ꓬꓲ ꓠꓺ ꓘꓴꓻ ꓗꓪ ꓢꓯ; ꓟꓬ ꓬꓲ ꓢꓯ; ꓦ ꓧꓳ: ꓖꓶˍ ꓡꓳ
bright,ꓠꓬꓲ ꓟꓳ ꓓꓴ 
but,ꓖꓳ ꓡꓱ ꓥˍ ꓟꓲ꓾

---- "C" starts here ----

called,ꓘꓴ ꓗꓷ "I called his phone"
called,ꓟꓬꓱꓺ ꓖꓶ "He is called John"
called, named,ꓟꓬꓱꓺ ꓖꓶ
calls aloud,ꓢꓯꓼ ꓓꓽ ꓟ ꓡꓰ ꓘꓴ ꓔꓬˍ ꓡꓳ
calls aloud in the streets,ꓙ ꓖꓴ ꓗꓪ ꓢꓯꓼ ꓓꓽ ꓟ ꓡꓰ ꓘꓴ ꓔꓬˍ ꓡꓳ
caused,ꓡ ꓝꓲ
certainly,ꓚꓵ ꓚꓵ
chain,ꓡꓲ ꓪꓳꓽ (gold chain, silver chain)
cloud,ꓟꓵ: ꓪꓴ
Come,ꓡꓯ
Come along with us,ꓥꓪ ꓠꓴˍ ꓐꓰ ꓕꓲ ꓛꓳˍ ꓙꓰ ꓡꓯ
come with me, "ꓥꓪ ꓐꓰ ꓕꓲꓽ ꓛꓳ ꓙꓰ ꓡꓯ",usage: 'with' acts as 'together', do something together
completed,ꓐꓲꓺ ꓜꓲꓼ ꓡꓰꓳ (fulfillment)
completed doing,ꓬꓰ ꓓꓳ ꓡꓰꓳ
completed eating,ꓜ ꓓꓳ ꓡꓰꓳ
cover,ꓘꓳ, ꓛꓱ, plastic cover"
create,ꓚꓰ;ˍ
created,ꓚꓰ;ˍ
creatures,ꓢꓯ; ꓟꓬ ꓙꓳˍ ꓡꓳ ꓫꓵ:

---- "D" starts here ----

dad,ꓐꓹ ꓐ
daddy,ꓐꓹ ꓐ
darkness,ꓠꓯ ꓞꓲ, ꓟ
darkness was over the surface of the deep,ꓠꓯ ꓞꓲ, ꓟ ꓠꓬ ꓠꓯ.ˍ ꓟ ꓬꓲ ꓙꓬ ꓕꓯ ꓢꓲ ꓗꓪ ꓓˍ ꓡꓳ=
day,ꓟꓳ; ꓡꓳ
day,ꓠꓬꓲ
day,ꓦꓬ ꓠꓬꓲ
days,ꓦꓬ ꓠꓬꓲ
deep,ꓠꓯ.ˍ ꓟ
did you (action),ꓠꓴ (action) ꓗꓷꓳ ꓪ?
did you (action),ꓠꓴ (action) ꓗꓷꓳ ꓪ?
die,ꓫꓵꓻ
divide,ꓐꓱꓻ ꓗꓷ ꓝꓲ
do not (verb),ꓕꓽ (verb)
do not forsake,ꓕꓽ ꓡꓳ ꓗꓷ
do not give in,ꓕꓽ ꓓꓽ ꓔꓳ
do not go,ꓕꓽ ꓙꓰ
do not go along with them,ꓬꓲ ꓪˍ ꓐꓰ ꓕꓲ ꓛꓳˍ ꓕꓽ ꓫꓱ
Do not rush,ꓞ ꓞ ꓕꓽ ꓬꓰ
do not set foot,ꓕꓽ ꓕꓳꓽ
do not set foot on their paths,ꓬꓲ ꓪ ꓙ ꓖꓴ ꓗꓪˍ ꓟꓲ ꓕꓽ ꓙꓰ
do not sleep, "ꓕꓽ ꓬꓲ; ꓟꓶ"
do not walk,ꓕꓽ ꓫꓱ
do not walk along with them,ꓬꓲ ꓪˍ ꓐꓰ ꓕꓲ ꓛꓳˍ ꓕꓽ ꓫꓱ
don't (verb),ꓕꓽ (verb)
don't (verb) there,ꓖꓳꓼ ꓗꓪ ꓕꓽ (verb)
don't do,ꓕꓽ ꓬꓰ
don't do (Noun),(Noun) ꓕꓽ ꓬꓰ
dry ground,ꓟꓲ ꓩꓴ
dust of the ground,ꓟꓲ ꓠꓯ ꓗꓪ ꓟ ꓠꓱ ꓦꓱ:

---- "E" starts here ----

earth,ꓟꓲ ꓠꓯ
eat,ꓜꓽ
eat quickly,ꓞ ꓞ ꓜ
eat with hands, "ꓡꓯ ꓒꓯ ꓐꓰ ꓜ", "usage: the word 'with' is same as 'using'"
eat with me, "ꓥꓪ ꓐꓰ ꓕꓲꓽ ꓛꓳ ꓜ ꓗ ꓡꓯ",usage: 'with' acts as 'together', do something together
Eden,ꓬꓲ-ꓓꓰ
empty,ꓬꓲ ꓖꓳ:
entice,ꓗꓶꓸ ꓧꓳꓽ ꓙꓰ ꓠꓲꓹ ꓫꓵ
evening,ꓟꓰꓻ ꓝꓲ
evening,ꓠꓯ; ꓝꓲ
every,ꓥ ꓕ ꓑꓳ
every living creature that moves on the ground,ꓟꓲ ꓠꓯ ꓕꓯ ꓢꓲ ꓗꓪ ꓡꓵ ꓔꓬˍ ꓟ ꓢꓯ. ꓔꓬˍ ꓡꓳ ꓫꓵ ꓥ ꓕ ꓑꓳ
evil,ꓥꓶˍ ꓟ
extremely loud, "ꓠꓸ ꓐꓳ ꓘꓶ ꓠ ꓗꓪ ꓛꓲ ꓬꓲꓸ ꓢꓯꓼ ꓟꓶˍ ꓟ"

---- "F" starts here ----

father,ꓐꓹ ꓐ
feet,ꓛꓲ ꓒꓯ
felt no shame,ꓟ: ꓫ ꓔꓳ
female,ꓤ ꓟꓶ ꓤ
fifth,ꓥꓪ: ꓟ ꓕꓲ ꓟ
fifth day,ꓥꓪ: ꓠꓬꓲ ꓕꓲ ꓠꓬꓲ
fill our houses,ꓣꓳ ꓦꓲ ꓗꓪ ꓐꓲꓺ ꓡꓰ ꓝꓲ
fill our houses with plunder,ꓦꓴ ꓟꓶ ꓓꓴ ꓡꓰ ꓣꓳ ꓦꓲ ꓗꓪ ꓐꓲꓺ ꓡꓰ ꓝꓲˍ ꓥꓳ꓿
fill the earth,ꓟꓲ ꓠꓯ ꓗꓪ ꓐꓲꓺ ꓡꓰ ꓝꓲ
fill the earth and subdue it,ꓟꓲ ꓠꓯ ꓗꓪ ꓐꓲꓺ ꓡꓰ ꓝꓲ ꓢꓲ꓾ ꓟꓲ ꓠꓯ ꓕꓱ ꓟ ꓔꓯ ꓙꓵ: ꓝꓲ
finished,ꓬꓰ ꓓꓳ ꓡꓰꓳ
finished the work,ꓟꓬꓱ: ꓬꓰ ꓓꓳ ꓡꓰꓳ
finished working,ꓟꓬꓱ: ꓬꓰ ꓓꓳ ꓡꓰꓳ
fly,ꓐꓬꓱꓻ
flying,ꓐꓬꓱꓻ ꓔꓬ
food,ꓜ: ꓓꓴ
for Adam no suitable helper was found,ꓮ-ꓓꓯ ꓔꓯ ꓚꓱꓺ ꓧꓳˍ ꓟ ꓬꓰ ꓙ ꓢꓴ ꓟ: ꓙꓳ
for him,ꓬꓲ ꓐꓱ ꓶ
formless,ꓬꓲ ꓑꓰ, ꓟ: ꓙꓳ ꓟ ꓬꓲ ꓖꓳ: ꓥ
fourth (objects),ꓡꓲ. ꓟ ꓗꓪ ꓟ ꓕꓲ ꓟ (for objects)
fourth (objects),ꓡꓲ. ꓟ ꓗꓪ ꓟ ꓕꓲ ꓟ (for objects)
fourth day,ꓡꓲ. ꓠꓬꓲ ꓕꓲ ꓠꓬꓲ
fourth person,ꓡꓲ. ꓣꓳ ꓗꓪ ꓟ ꓕꓲ ꓣꓳ
friend,ꓛꓳ ꓒꓯꓹ,usage: friend
from the dust of the ground,ꓟꓲ ꓠꓯ ꓗꓪ ꓟ ꓠꓱ ꓦꓱ: ꓡꓰ
fruit,ꓢꓶ, ꓢꓶ

---- "G" starts here ----

garland,ꓡꓳꓸ ꓐꓲ ꓓꓴ ꓪꓴ ꓕꓷꓹ
gather,ꓜꓲ;
gathered,ꓜꓲ; ꓡꓰ
gathered to one place,ꓕꓲ ꓪꓺ; ꓜꓲ; ꓡꓰ
go,ꓙꓰ
go(action verb),ꓙꓰ(action verb)
go(action verb),ꓙꓰ(action verb)
God,ꓪꓴ-ꓢ
god (verb)(noun),ꓪꓴ-ꓢ ꓡꓰ (noun) ꓔꓯ (verb)ˍ ꓡꓳ
god (verb)(noun),ꓪꓴ-ꓢ ꓡꓰ (noun) ꓔꓯ (verb)ˍ ꓡꓳ
god bless you, "ꓠꓴ ꓔꓯ. ꓪꓴ‐ꓢ ꓡꓰ ꓶ; ꓥꓳ ꓙꓱ ꓖꓶˍ ꓝꓲ꓿"
god bless you, "ꓠꓴ ꓔꓯ. ꓪꓴ‐ꓢ ꓡꓰ ꓶ; ꓥꓳ ꓙꓱ ꓖꓶˍ ꓝꓲ꓿"
God blessed them,ꓪꓴ-ꓢ ꓡꓰ ꓬꓲ. ꓪ ꓔꓯ ꓶ; ꓥꓳ ꓙꓱ ꓖꓶˍ ꓡꓳ
God blessed them and said to them,ꓪꓴ-ꓢ ꓡꓰ ꓬꓲ ꓪ ꓔꓯ ꓶ; ꓥꓳ ꓙꓱ: ꓖꓶ ꓢꓲ ꓕꓱ ꓡꓱ ꓐꓯˍ ꓡꓳ꓾
God called the (noun)“(noun),”,ꓪꓴ-ꓢ ꓡꓰ ꓠꓬꓲ (noun)ꓔꓯ ꓠꓬ (noun) ꓐꓰ ꓟꓬꓱꓺ ꓖꓶ ꓢꓲ꓾
God called the (noun)“(noun),”,ꓪꓴ-ꓢ ꓡꓰ ꓠꓬꓲ (noun)ꓔꓯ ꓠꓬ (noun) ꓐꓰ ꓟꓬꓱꓺ ꓖꓶ ꓢꓲ꓾
God called the dry ground “land,”,ꓪꓴ-ꓢ ꓡꓰ ꓟꓲ ꓩꓴ ꓔꓯ꓾ ꓟꓲ ꓠꓯ꓾ ꓐꓰ ꓟꓬꓱ ꓖꓶ ꓢꓲ꓾
God called the dry ground “land,” and the gathered waters he called “seas.” And God saw that it was good.,ꓪꓴ-ꓢ ꓡꓰ ꓟꓲ ꓩꓴ ꓔꓯ꓾ ꓟꓲ ꓠꓯ꓾ ꓐꓰ ꓟꓬꓱ ꓖꓶ ꓢꓲ꓾ ꓕꓲ ꓪꓺ; ꓐꓰ ꓜꓲ; ꓞˍ ꓟ ꓬꓲ ꓙꓬ ꓔꓯ ꓠꓬ ꓬꓲ ꓡꓰ꓾ ꓬꓲꓻ ꓡꓴ ꓐꓱ꓾ ꓐꓰ ꓟꓬꓱ ꓖꓶˍ ꓡꓳ= ꓖꓳ ꓟ ꓠꓬ ꓙꓲˍ ꓟ ꓥ ꓡꓳ꓾ ꓐꓰ ꓪꓴ-ꓢ ꓡꓳ. ꓟꓳˍ ꓡꓳ=
God called the light “day,” and the darkness he called “night.” And there was evening, and there was morning—the first day.,ꓪꓴ-ꓢ ꓡꓰ ꓠꓬꓲ ꓟꓳ ꓓꓴ ꓔꓯ ꓠꓬ ꓟꓳ; ꓡꓳ꓾ ꓐꓰ ꓟꓬꓱꓺ ꓖꓶ ꓢꓲ꓾ ꓠꓯ ꓞꓲ, ꓟ ꓔꓯ ꓠꓬ ꓬꓲ ꓡꓰ꓾ ꓢ ꓘꓪ꓾ ꓐꓰ ꓟꓬꓱ ꓖꓶˍ ꓡꓳ= ꓖꓳ ꓡꓱ ꓠꓬꓲ ꓟꓰꓻ ꓝꓲ ꓠꓯ; ꓝꓲ ꓙꓳ ꓢꓲ꓾ ꓬꓲ ꓪꓴ. ꓕꓲ ꓠꓬꓲ ꓥ ꓡꓳ=
God called the vault “sky.”,ꓪꓴ-ꓢ ꓡꓰ ꓟꓵ: ꓪꓴ ꓖꓳ ꓟ ꓔꓯ꓾ ꓟꓴ ꓗꓪ꓾ ꓐꓰ ꓟꓬꓱ ꓖꓶˍ ꓡꓳ=
god created (noun),ꓪꓴ-ꓢ ꓡꓰ (noun) ꓔꓯ ꓚꓰꓼˍ ꓡꓳ
god created (noun),ꓪꓴ-ꓢ ꓡꓰ (noun) ꓔꓯ ꓚꓰꓼˍ ꓡꓳ
God created mankind in his own image,ꓪꓴ-ꓢ ꓠꓬ ꓬꓲ ꓚꓲ ꓛꓬ ꓐꓬꓱ: ꓔꓯ ꓛꓳ ꓢꓲ ꓞꓳ ꓤ ꓔꓯ ꓚꓰ;ˍ ꓡꓳ
god created the (noun) and the (noun),ꓪꓴ-ꓢ ꓡꓰ (noun) ꓐꓰ (noun) ꓔꓯ ꓚꓰꓼˍ ꓡꓳ
god created the (noun) and the (noun),ꓪꓴ-ꓢ ꓡꓰ (noun) ꓐꓰ (noun) ꓔꓯ ꓚꓰꓼˍ ꓡꓳ
God created the heavens and the earth.,ꓪꓴ-ꓢ ꓡꓰ ꓟꓴ ꓗꓪˍ ꓐꓰ ꓟꓲ ꓠꓯ ꓔꓯ ꓚꓰ;ˍ ꓡꓳ=
God created the water and the sky,ꓪꓴ-ꓢ ꓡꓰ ꓬꓲ ꓙꓬ ꓐꓰ ꓟꓴ ꓗꓪ ꓔꓯ ꓚꓰ;ˍ ꓡꓳ
god created the water and the sky,ꓪꓴ-ꓢ ꓡꓰ ꓬꓲ ꓙꓬ ꓐꓰ ꓟꓴ ꓗꓪ ꓔꓯ ꓚꓰ;ˍ ꓡꓳ
God formed a man from the dust of the ground,ꓪꓴ-ꓢ ꓠꓬ ꓟꓲ ꓠꓯ ꓗꓪ ꓟ ꓠꓱ ꓦꓱ: ꓡꓰ ꓞꓳ ꓤ ꓚꓰ; ꓡꓳ
God formed soil,ꓪꓴ-ꓢ ꓠꓬ ꓠꓱ ꓦꓱ: ꓔꓯ ꓚꓰ;ˍ ꓡꓳ
God had finished,ꓪꓴ-ꓢ ꓬꓰ ꓓꓳ ꓡꓰꓳ
God had finished the work he had been doing,ꓪꓴ-ꓢ ꓬꓲ ꓬꓰˍ ꓟ ꓟꓬꓱ: ꓬꓰ ꓓꓳ ꓡꓰꓳ
God had not caused it to rain upon the earth,ꓪꓴ-ꓢ ꓡꓰ ꓟꓲ ꓠꓯ ꓕꓯ ꓢꓲ ꓗꓪ ꓟꓶ: ꓦ ꓟ: ꓦ ꓡ ꓝꓲ ꓢꓰ
God is great,ꓪꓴ‐ꓢ ꓠꓬ ꓮ ꓘꓶ. ꓙꓲˍ ꓡꓳ
God made the firmament,,ꓖꓳ ꓡꓱ ꓢꓲ ꓪꓴ-ꓢ ꓡꓰ ꓟꓵ: ꓪꓴ ꓚꓰ; ꓢꓲ꓾
God said,ꓪꓴ-ꓢ ꓡꓰ ꓐꓯˍ ꓡꓳ
god said let there be (noun),ꓪꓴ-ꓢ ꓡꓰ (noun) ꓙꓳꓻ ꓡ ꓝꓲ꓾ ꓐꓯˍ ꓡꓳ꓿
god said let there be (noun),ꓪꓴ-ꓢ ꓡꓰ (noun) ꓙꓳꓻ ꓡ ꓝꓲ꓾ ꓐꓯˍ ꓡꓳ꓿
God said let there be light,ꓪꓴ-ꓢ ꓡꓰ ꓠꓬꓲ ꓟꓳ ꓓꓴ ꓙꓳꓻ ꓡ ꓝꓲ꓾ ꓐꓯˍ ꓡꓳ꓿
God said let there be water.,ꓪꓴ-ꓢ ꓡꓰ ꓬꓲ ꓙꓬ ꓙꓳꓻ ꓡ ꓝꓲ꓾ ꓐꓯˍ ꓡꓳ꓿
God said,,ꓪꓴ-ꓢ ꓡꓰ꓾
God said,,ꓪꓴ-ꓢ ꓡꓰ ꓐꓯˍ ꓡꓳ꓾
god said,'you are not alone', "ꓪꓴ˗ꓢ ꓡꓰ꓾ ꓠꓴ ꓠꓬ ꓕꓲ ꓣꓳ ꓔꓵꓸꓼ ꓟꓽ ꓥ ꓐꓯˍ ꓡꓳ꓿"
God saw,ꓪꓴ-ꓢ ꓡꓳ. ꓟꓳˍ ꓡꓳ
God saw all that he had made, and it was very good.,ꓬꓲ ꓡꓰ ꓚꓰ; ꓔˍ ꓟ ꓥ ꓕ ꓑꓳ ꓠꓬ ꓮ ꓘꓶ ꓙꓲˍ ꓟ ꓥ ꓡꓳ꓾ ꓐꓰ ꓪꓴ-ꓢ ꓡꓳ. ꓟꓳˍ ꓡꓳ=
God saw that the light was good, and he separated the light from the darkness.,ꓠꓬꓲ ꓟꓳ ꓓꓴ ꓠꓬ ꓙꓲˍ ꓟ ꓥ ꓡꓳ꓾ ꓐꓰ ꓪꓴ-ꓢ ꓟꓳꓻ ꓗꓷ ꓠꓬ꓾ ꓪꓴ-ꓢ ꓡꓰ ꓠꓬꓲ ꓟꓳ ꓓꓴˍ ꓐꓰ ꓠꓯ ꓞꓲ, ꓟ ꓔꓯ ꓐꓱꓻ ꓗꓷˍ ꓡꓳ=
god the (verb)(noun),ꓪꓴ-ꓢ ꓡꓰ (noun) ꓔꓯ (verb)ˍ ꓡꓳ
god the (verb)(noun),ꓪꓴ-ꓢ ꓡꓰ (noun) ꓔꓯ (verb)ˍ ꓡꓳ
good,ꓙꓲˍ ꓡꓳ,usage: he is good
good (objects, subjects, foods), "ꓙꓲˍ ꓟ (objects, subjects, foods)", "useage: good feeling, good person and good car"
good afternoon,ꓟꓳ; ꓡꓳ ꓗꓳ ꓡꓳ ꓙꓲˍ ꓟ,usage: afternoon greeting
good and evil,ꓙꓲˍ ꓟ ꓐꓰ ꓥꓶˍ ꓟ
good evening,ꓟꓰꓻ ꓝꓲ ꓙꓲˍ ꓟ,usage: evening greeting
good morning,ꓠꓯ; ꓝꓲ ꓙꓲˍ ꓟ,usage: morning greeting
good night,ꓢ ꓘꓪ ꓙꓲˍ ꓟ,usage: night greeting
good people,ꓙꓲˍ ꓟ ꓞꓳ ꓤ ꓐꓴ, "usage: they are good people"
good person,ꓙꓲˍ ꓟ ꓞꓳ ꓑ ꓤ, "usage: he is good person"
good person,ꓙꓲˍ ꓟ ꓤ ꓟꓶ ꓤ, "usage: she is good person"
goodbye,ꓙꓰ ꓠꓬꓲ,usage: parting phrase
grass,ꓟꓳ; ꓤ
ground surface,ꓟꓲ ꓠꓯ ꓘꓳ, ꓛꓱ,
ground's surface,ꓟꓲ ꓠꓯ ꓘꓳ, ꓛꓱ,

---- "H" starts here ----

had not caused it to rain,ꓟꓶ: ꓦ ꓟ: ꓦ ꓡ ꓝꓲ ꓢꓰ
had yet appeared,ꓟ: ꓙꓳ ꓢꓰ:
have,ꓙꓳˍ
he,ꓬꓲ.
he (verb)(noun),ꓬꓲ ꓡꓰ (noun) ꓔꓯ (verb)ˍ ꓡꓳ
he (verb)(noun),ꓬꓲ ꓡꓰ (noun) ꓔꓯ (verb)ˍ ꓡꓳ
he called,ꓬꓲ ꓡꓰ꓾ ꓟꓬꓱ ꓖꓶˍ ꓡꓳ
he created (noun),ꓬꓲ ꓡꓰ (noun) ꓔꓯ ꓚꓰꓼˍ ꓡꓳ
he created (noun),ꓬꓲ ꓡꓰ (noun) ꓔꓯ ꓚꓰꓼˍ ꓡꓳ
he created male and female,ꓬꓲ ꓡꓰ ꓞꓳ ꓑ ꓤˍ ꓐꓰ ꓤ ꓟꓶ ꓤ ꓔꓯ ꓚꓰ;ˍ ꓡꓳ=
he created the (noun) and the (noun),ꓬꓲ ꓡꓰ (noun) ꓐꓰ (noun) ꓔꓯ ꓚꓰꓼˍ ꓡꓳ
he created the (noun) and the (noun),ꓬꓲ ꓡꓰ (noun) ꓐꓰ (noun) ꓔꓯ ꓚꓰꓼˍ ꓡꓳ
he died,ꓬꓲ. ꓫꓵꓻ ꓗꓷꓳ
he don' have wisdom,ꓬꓲ ꓠꓬ ꓙ ꓗꓴ ꓠꓲ, ꓟꓽ ꓙꓳ
he had been doing,ꓬꓲ ꓬꓰˍ ꓟ
he is resting,ꓬꓲ ꓠ: ꓔꓬˍ ꓡꓳ
he made (food),ꓬꓲ. (food) ꓫ ꓔ ꓡꓳ꓿
he made (food),ꓬꓲ. (food) ꓫ ꓜ ꓡꓳ꓿
he made (object),ꓬꓲ. (object) ꓔꓯ. ꓫ ꓔ ꓡꓳ꓿
he made (the chair),ꓬꓲ. (the chair) ꓔꓯ. ꓫ ꓔ ꓡꓳ꓿
he made the stars also,ꓗꓴ ꓤˍ ꓟꓲ ꓬꓲ. ꓚꓰ;ˍ ꓡꓳ=
he rested,ꓬꓲ ꓠ: ꓔꓬˍ ꓡꓳ
he said (subjects) to his son,ꓬꓲ ꓡꓰ ꓬꓲ ꓤꓽ ꓔꓯ (subjects) ꓐꓰ ꓐꓯˍ ꓡꓳ
he saw the water on the tree,ꓢꓲ ꓜꓲ ꓕꓯ ꓢꓲ ꓗꓪ ꓙꓳˍ ꓟ ꓬꓲ ꓙꓬ ꓔꓯ ꓬꓲ ꓟꓳ ꓗꓷˍ ꓡꓳ꓿
he the (verb)(noun),ꓬꓲ ꓡꓰ (noun) ꓔꓯ (verb)ˍ ꓡꓳ
he the (verb)(noun),ꓬꓲ ꓡꓰ (noun) ꓔꓯ (verb)ˍ ꓡꓳ
head,ꓪꓴ ꓓꓵ
heavens,ꓟꓴ ꓗꓪ
hello,ꓮ ꓡꓯꓼ,usage: greeting
hello,ꓠꓴ ꓢꓯꓼ ꓔꓬ ꓡꓯ,usage: greeting (are you well)
helper,ꓬꓰ ꓙ ꓢꓴ
her,ꓬꓲ.
herb,ꓪꓳ: ꓫꓵ ꓪꓳ ꓙꓰ:
herb,ꓪꓳ: ꓫꓵ ꓪꓳ ꓙꓰˍ
hi,ꓮ ꓡꓯꓼ,usage: greeting
him,ꓬꓲ.
his kind,ꓙꓰ: ꓫꓵ ꓙꓰ ꓛꓳ
his own image,ꓬꓲ ꓚꓲ ꓛꓬ ꓐꓬꓱ:
his son,ꓬꓲ ꓤꓽ
his wife,ꓬꓲ ꓤ ꓟꓶ
holy,ꓢꓲ‐ꓫꓬ
hovering over the water,ꓬꓲ ꓙꓬ ꓕꓯ ꓢꓲ ꓗꓪ
how,ꓮ ꓡꓰ
how are you,ꓠꓴ ꓮ ꓡꓲ ꓔꓬ ꓡꓯ,usage: greeting query
how are you?,ꓠꓴ ꓧꓪ. ꓧꓪ ꓥ ꓡ?
how are you?,ꓠꓴ ꓮ ꓡꓲ ꓔꓬ ꓡꓯ?,usage: greeting query with question mark
how many,ꓮꓽ ꓟꓬ

---- "I" starts here ----

I am, "ꓥꓪ ꓠꓬ"
I am resting,ꓥꓪ ꓠꓬ ꓠ: ꓔꓬˍ ꓡꓳ
I am taking rest,ꓥꓪ ꓠꓬ ꓠ: ꓔꓬˍ ꓡꓳ
I give you every tree,ꓥꓪ ꓡꓰ ꓠꓴ ꓪ ꓔꓯ ꓢꓲ, ꓜꓲ ꓡꓳ ꓜꓲ ꓥ ꓕ ꓑꓳ ꓖꓶ ꓗꓷꓳ=
i have (object), "ꓥꓪ ꓠꓬ (object) ꓙꓳˍ ꓡꓳ꓿"
i have money, "ꓥꓪ ꓠꓬ ꓒꓴꓺ ꓙꓳˍ ꓡꓳ꓿"
i have to (verb),ꓥꓪ ꓠꓬ (verb) ꓠ ꓗ ꓡꓳ
I love you,ꓥꓪ ꓠꓴ ꓔꓯ ꓠꓲꓹ ꓠꓵˍ ꓡꓳ,usage: expression of affection
i saw (noun), "(noun) ꓔꓯ ꓥꓪ ꓟꓳꓻ ꓗꓷˍ ꓡꓳ꓿"
i will have the money, "ꓥꓪ ꓔꓯ ꓒꓴꓺ ꓙꓳˍ ꓡ ꓥꓳ꓿"
I will make,ꓥꓪ ꓙ: ꓖꓶˍ ꓥꓳ
I will make a helper suitable for him,ꓥꓪ ꓠꓬ ꓬꓲ ꓐꓱ ꓶ ꓬꓰ ꓙ ꓢꓴ ꓕꓲ ꓣꓳ ꓙ: ꓖꓶˍ ꓥꓳ
I'm,ꓥꓪ ꓠꓬ
i'm not alone,ꓥꓪ ꓠꓬ ꓕꓲ ꓣꓳ ꓔꓵꓸꓼ ꓟꓽ ꓥ꓿
if,ꓐꓭ ꓠꓬ꓾
if (noun / pronoun) (verb),(noun / pronoun) (verb) ꓐꓭ ꓠꓬ꓾
if sinful men entice you,,ꓝꓴꓲ ꓬꓰ ꓢꓴ ꓠꓴ ꓔꓯ ꓗꓶꓸ ꓧꓳꓽ ꓙꓰ ꓠꓲꓹ ꓫꓵˍ ꓐꓭ ꓠꓬ꓾
if you eat it, "ꓠꓴ ꓖꓳꓽ ꓟ ꓔꓯ ꓜꓽ ꓗꓷ ꓐꓭ ꓠꓬ꓾"
if you eat it you will certainly die,ꓠꓴ ꓖꓳ ꓟ ꓔꓯ ꓜ: ꓗꓷ ꓐꓭ ꓠꓬ꓾ ꓠꓴ ꓚꓵ ꓚꓵ ꓫꓵꓻˍ ꓥꓳ
if you eat it, you will certainly die,ꓠꓴ ꓖꓳ ꓟ ꓔꓯ ꓜ:ˍ ꓠꓬ ꓠꓴ ꓚꓵ ꓚꓵ ꓫꓵꓻˍ ꓥꓳ
if you go there, "ꓠꓴ ꓖꓳꓽ ꓗꓪ ꓙꓰ ꓗꓷ ꓐꓷ ꓠꓬ꓾"
if you sleep, you will not have money,ꓠꓴ ꓬꓲ; ꓟꓶ ꓗꓷ ꓐꓭ ꓠꓬ꓾ ꓠꓴ ꓠꓬ ꓒꓴꓺ ꓟꓽ ꓙꓳˍ ꓡ
image,ꓐꓬꓱ:
in,ꓠꓯꓸꓼ ꓗꓪ
in all their vast array,ꓖꓳ ꓗꓪ ꓙꓳˍ ꓟ ꓥ ꓕ ꓑꓳ ꓮ ꓙꓵ
In the beginning,ꓬꓲ ꓚꓰ ꓬꓲ ꓪꓴ
in the beginning (subject) (verb) (object),ꓬꓲ ꓚꓰ ꓬꓲ ꓪꓴ (subject) ꓡꓰ (object) ꓔꓯ (verb)ˍ ꓡꓳ
in the beginning (subject) (verb) (object),ꓬꓲ ꓚꓰ ꓬꓲ ꓪꓴ (subject) ꓡꓰ (object) ꓔꓯ (verb)ˍ ꓡꓳ
In the beginning God created the heavens and the earth.,ꓬꓲ ꓚꓰ ꓬꓲ ꓪꓴ ꓗꓪ ꓪꓴ-ꓢ ꓡꓰ ꓟꓴ ꓗꓪˍ ꓐꓰ ꓟꓲ ꓠꓯ ꓔꓯ ꓚꓰ;ˍ ꓡꓳ=
in the sight of,ꓒꓬꓱꓽ ꓕꓯ ꓗꓪ
increase,ꓟꓬ: ꓡ
increase in number,ꓮ ꓟꓬ, ꓟꓬ: ꓡ
innocent,ꓛꓬꓻ ꓖꓴ ꓟꓽ ꓙꓳ ꓢꓴ
insects,ꓐꓶ: ꓓꓲ
instruction,ꓟꓸ ꓘꓶ
(interjection)!,(interjection)!
is,ꓠꓬ, "verb"
is,ꓠꓬ
it,ꓖꓳꓽ ꓟ
It hasn't rained yet,ꓟꓶ: ꓦ ꓟ: ꓦ ꓡ ꓢꓰ
It is not good,ꓖꓳ ꓟ ꓠꓬ ꓟ: ꓙꓲ
It is not good for the man to be alone,ꓡ ꓞꓳ ꓖꓳ ꓟ ꓬꓲ ꓕꓲ ꓣꓳ ꓔꓵꓸꓼ ꓔꓬˍ ꓠꓬ ꓟ: ꓙꓲ
it was good,ꓖꓳ ꓟ ꓠꓬ ꓙꓲˍ ꓡꓳ

---- "J" starts here ----

Jehovah,ꓬꓰ-ꓧꓳ-ꓧꓪ

---- "L" starts here ----

land,ꓟꓲ ꓠꓯ
leaves,ꓧ, ꓗꓷ
let (pronoun) be,(pronoun) ꓔꓯ ꓖꓳ ꓡꓰ ꓙꓳ ꓝꓲ
let (pronoun) be,(pronoun) ꓔꓯ ꓖꓳ ꓡꓰ ꓙꓳ ꓝꓲ
let birds fly above the earth across the vault of the sky.,ꓟꓲ ꓠꓯ ꓕꓯ ꓢꓲ ꓟꓴ ꓗꓪ ꓗꓪ ꓟ ꓟꓵ: ꓪꓴ ꓗꓪ ꓠꓬ꓾ ꓠꓬ, ꓤ ꓙꓱꓻ ꓤ ꓐꓬꓱꓻ ꓔꓬ ꓝꓲ
let dry ground appear, And it was so.,ꓟꓲ ꓩꓴ ꓓꓳ ꓡ ꓗꓷ ꓢꓲ ꓠꓬꓲ꓾ ꓬꓲ ꓖꓳ ꓡꓱ ꓒꓬꓱ; ꓡˍ ꓡꓳ=
Let the water teem with living creatures,ꓬꓲ ꓙꓬ ꓗꓪ ꓠꓬ ꓢꓯ; ꓟꓬ ꓙꓳˍ ꓡꓳ ꓫꓵ: ꓮ ꓟꓬ ꓖꓪꓺ ꓡ ꓝꓲ꓾
Let the water under the sky be gathered to one place,,ꓟꓴ ꓗꓪ ꓠꓯ. ꓘꓪ ꓗꓪ ꓟ ꓬꓲ ꓙꓬ ꓔꓯ ꓕꓲ ꓪꓺ; ꓜꓲ; ꓡꓰ ꓝꓲ ꓢꓲ꓾ ꓟꓲ ꓩꓴ ꓓꓳ ꓡ ꓝꓲ꓾
let them be for signs,ꓖꓳ ꓟ ꓠꓬ ꓢꓷ ꓡꓰ ꓓꓴ ꓬꓰ ꓠ, ꓟ
Let there be,ꓙꓳꓻ ꓝꓲ
let there be (object),(object) ꓙꓳꓻ ꓡ ꓝꓲ
Let there be (subject),(subject) ꓙꓳꓻ ꓡ ꓝꓲ꓾
Let there be a firmament in the midst of the waters,ꓬꓲ ꓙꓬ ꓗꓳ ꓡꓳ ꓗꓪ ꓟꓵ: ꓪꓴ ꓙꓳꓻ ꓝꓲ
Let there be light,ꓠꓬꓲ ꓟꓳ ꓓꓴ ꓙꓳꓻ ꓡ ꓝꓲ
let's go,ꓙꓰ ꓡꓯ꓿
life,ꓢꓯ; ꓟꓬ
light,ꓠꓬꓲ ꓟꓳ ꓓꓴ
Listen,ꓠ ꓠꓹ
Listen to your father,ꓐꓹ ꓐ ꓐꓯ ꓘꓶ ꓔꓯ ꓠ ꓠꓹ
Listen to your father’s instruction,ꓐꓹ ꓐ ꓟꓸ ꓘꓶ ꓔꓯ ꓠ ꓠꓹ
Listen, my son,ꓠ ꓠꓹ꓾ ꓥꓪ ꓤꓽꓳ
Listen, my son, to your father’s instruction and do not forsake your mother’s teaching.,ꓥꓪ ꓤꓽꓳ꓾ ꓠꓴ ꓐꓹ ꓐ ꓟꓸ ꓘꓶ ꓔꓯ ꓠ ꓠꓹ ꓔ꓾ ꓠꓴ ꓟꓹ ꓟ ꓑꓱ ꓘꓶ ꓔꓯ ꓕꓽ ꓡꓳ ꓗꓷ꓿
living,ꓢꓯ. ꓔꓬ, usage: living souls"
living creatures,ꓢꓯ; ꓟꓬ ꓙꓳˍ ꓡꓳ ꓫꓵ:
loud,ꓢꓯꓼ ꓓꓽ ꓟ,usage: sounds
love,ꓠꓲꓹ ꓠꓵˍ ꓟ,usage: love

---- "M" starts here ----

made the day holy,ꓦꓬ; ꓠꓬꓲ ꓖꓳ ꓕꓲ ꓠꓬꓲ ꓔꓯ ꓢꓲ ꓫꓬ ꓡꓰ ꓝꓲˍ ꓡꓳ=
make,ꓬꓰˍ
male,ꓞꓳ ꓑ ꓤ
mankind,ꓞꓳ ꓤ
may god bless you, "ꓠꓴ ꓔꓯ. ꓪꓴ‐ꓢ ꓡꓰ ꓶ; ꓥꓳ ꓙꓱ ꓖꓶˍ ꓝꓲ꓿"
midst,ꓟꓵ: ꓪꓴ
mist,ꓟꓴ ꓗꓴ.
mom,ꓟꓹ ꓟ
mommy,ꓟꓹ ꓟ
money,ꓒꓴꓺ
morning,ꓟꓰꓻ ꓝꓲ
morning evening,ꓟꓰꓻ ꓝꓲ ꓠꓯ; ꓝꓲ
mother,ꓟꓹ ꓟ
mother’s teaching,ꓟꓹ ꓟ ꓟꓸ ꓘꓶ
my friend,ꓥꓪ ꓛꓳ ꓒꓯꓹ,usage: noun phrase
my image,ꓥꓪ ꓐꓬꓱ:
my son,ꓥꓪ ꓤ
My son, if sinful men entice you, do not give in to them.,ꓥꓪ ꓤꓽꓳ꓾ ꓝꓴꓲ ꓬꓰ ꓢꓴ ꓠꓴ ꓔꓯ ꓗꓶꓸ ꓧꓳꓽ ꓙꓰ ꓠꓲꓹ ꓫꓵˍ ꓐꓭ ꓠꓬ꓾ ꓠꓴ ꓕꓽ ꓓꓽ ꓔꓳ꓿

---- "N" starts here ----

naked,ꓙꓬ: ꓡꓯ ꓡꓯ
(name) (verb) (gerund),(name) (gerund) ꓔꓬ ꓟ (verb)
(name) (verb) (name),(name) ꓡꓰ (name) ꓔꓯ (verb)ˍ ꓡꓳ
(name) (verb) (noun),(name) ꓡꓰ (noun) ꓔꓯ (verb)ˍ ꓡꓳ
(name) created (name),(name) ꓡꓰ (name) ꓔꓯ ꓚꓰꓼˍ ꓡꓳ
(name) created (noun),(name) ꓡꓰ (noun) ꓔꓯ ꓚꓰꓼˍ ꓡꓳ
(name) created (noun) and said (quote),(name) ꓡꓰ (noun) ꓔꓯ ꓚꓰꓼˍ ꓢꓲ ꓠꓬꓲ꓾ (quote) ꓐꓯˍ ꓡꓳ
(name) finished (gerund),(name) (gerund) ꓬꓰ ꓓꓳ ꓡꓰꓳ
(name) said (name),(name) ꓡꓰ (name) ꓐꓯˍ ꓡꓳ
(name) said (noun),(name) ꓡꓰ (noun) ꓐꓯˍ ꓡꓳ
(name) stopped (gerund),(name) (gerund) ꓔꓯ ꓠ: ꓗꓷˍ ꓡꓳ
nasal,ꓠꓺ ꓘꓴꓻ
neck,ꓗꓶ ꓝꓲꓸ
night,ꓢ ꓘꓪ
no herb had yet sprung up,ꓪꓳ: ꓫꓵ ꓪꓳ ꓙꓰˍ ꓟꓲ ꓟ: ꓣꓱ ꓡ ꓢꓰ:
no one,ꓞꓳ ꓤˍ ꓟ: ꓙꓳ
no shrub had yet appeared on the earth,ꓡꓲ ꓛꓲ ꓗꓪ ꓟ ꓢꓲ, ꓜꓲ ꓟꓻ ꓜꓲ ꓠꓬ ꓟꓲ ꓠꓯ ꓗꓪ ꓟ: ꓙꓳ ꓢꓰ꓾
nose,ꓠꓺ ꓘꓴꓻ
nostrils,ꓠꓺ ꓘꓴꓻ
nothing,ꓮ ꓫꓵꓽ ꓟꓲ ꓟꓽ ꓙꓳ (pronoun), "usage: Nothing as an indefinite pronoun"
nothing,ꓮ ꓫꓵꓽ ꓟꓲ ꓟꓽ ꓙꓳ (pronoun), "usage:Nothing as an indefinite pronoun"
(noun / pronoun / person) had (adverb of negation) caused it to (noun-1) upon the (noun-2),(noun / pronoun / person) ꓡꓰ (noun-2) ꓕꓯ ꓢꓲ ꓗꓪ (noun-1) (adverb of negation) ꓡ ꓝꓲ ꓢꓰ
(noun / pronoun /person) said,(noun / pronoun / person) ꓡꓰ ꓐꓯˍ ꓡꓳ
(noun / pronoun) (verb)(noun / pronoun / verb) (preposition) (noun / pronoun / verb), "(noun / pronoun/ verb) (preposition) (noun / pronoun/ verb) ꓔꓯ  (noun / pronoun)(verb). I saw money on the tree." 
(noun) (preposition) (noun),(noun) (preposition) (noun)
(noun) (verb) (gerund),(noun) (gerund) ꓔꓬ ꓟ (verb)
(noun) (verb) (name),(noun) ꓡꓰ (name) ꓔꓯ (verb)ˍ ꓡꓳ
(noun) (verb) (noun),(noun) ꓡꓰ (noun) ꓔꓯ (verb)ˍ ꓡꓳ
(noun) created (name),(noun) ꓡꓰ (name) ꓔꓯ ꓚꓰꓼˍ ꓡꓳ
(noun) created (noun),(noun) ꓡꓰ (noun) ꓔꓯ ꓚꓰꓼˍ ꓡꓳ
(noun) finished (gerund),(noun) (gerund) ꓬꓰ ꓓꓳ ꓡꓰꓳ
(noun) said (name),(noun) ꓡꓰ (name) ꓐꓯˍ ꓡꓳ
(noun) said (noun),(noun) ꓡꓰ (noun) ꓐꓯˍ ꓡꓳ
(noun) said (subjects),(noun) ꓡꓰ (subjects) ꓐꓯˍ ꓡꓳ, "uses when: God said 'do not go there'"
(noun) stopped (gerund),(noun) (gerund) ꓔꓯ ꓠ: ꓗꓷˍ ꓡꓳ
(noun/pronoun) (verb) (adjective),(noun/pronoun) (verb) (adjective) ꓡꓳ
Now the earth was formless and empty,,ꓟꓲ ꓠꓯ ꓠꓬ ꓬꓲ ꓑꓰ, ꓟ: ꓙꓳ ꓟ ꓬꓲ ꓖꓳ: ꓥ ꓢꓲ꓾

---- "O" starts here ----

(object marker),ꓔꓯ
ocean,ꓬꓲꓻ ꓡꓴ ꓐꓱ ꓓꓽ ꓟ
oh!,ꓐꓲ!
on,ꓕꓯ ꓢꓲ ꓗꓪ
on the earth,ꓟꓲ ꓠꓯ ꓕꓯ ꓢꓲ ꓗꓪ
on the ground,ꓟꓲ ꓠꓯ ꓕꓯ ꓢꓲ ꓗꓪ
on the seventh day he rested from all his work.,ꓫꓵ: ꓠꓬꓲ ꓕꓲ ꓠꓬꓲ ꓗꓪ ꓪꓴ-ꓢ ꓬꓰˍ ꓟ ꓟꓬꓱ: ꓮ ꓙꓵ ꓟ ꓔꓯ ꓠ: ꓗꓷ ꓢꓲ꓾ ꓠ: ꓔꓬˍ ꓡꓳ=
on their paths,ꓬꓲ ꓪ ꓙ ꓖꓴ ꓗꓪˍ ꓟꓲ
on you,ꓠꓴ ꓕꓯ ꓢꓲ
one day,ꓕꓲ ꓠꓬꓲ, "useage: when counting days"
one day,ꓕꓲ ꓠꓬꓲ ꓙꓳˍ ꓠꓬ,usage: one day you will meet her
one flesh,ꓕꓲ ꓧꓪ:
one place,ꓕꓲ ꓪꓺ;
our,ꓣꓳ
our image,ꓣꓳ ꓐꓬꓱ:ˍ ꓐꓰ ꓣꓳ ꓒꓬꓱ:
over,ꓕꓯ ꓢꓲ
own,ꓚꓲ ꓛꓬ

---- "P" starts here ----

paths,ꓙ ꓖꓴ
peace,ꓢꓲꓺ ꓡꓲꓺ ꓟ,usage: peace
peace be with you,ꓢꓲꓺ ꓡꓲꓺ ꓟ ꓠꓴ ꓔꓯ ꓔꓬ ꓝꓲ,usage: blessing
perfect,ꓐꓲꓺ ꓜꓲꓼ
plant,ꓢꓲ, ꓜꓲ ꓡꓳ ꓜꓲ
plants,ꓢꓲ, ꓜꓲ ꓟꓻ ꓜꓲ
prepare,ꓙ: ꓖꓶˍ
prepared,ꓙ: ꓖꓶ (ꓗꓷꓳ)
prepares,ꓙ: ꓖꓶˍ
(pronoun / noun) don't have (subjects),(pronoun / noun) ꓔꓯ (subject) ꓟꓽ ꓙꓳ
(pronoun / noun) will not have money, "(pronoun / noun) ꓠꓬ ꓒꓴꓺ ꓟꓽ ꓙꓳˍ ꓡ"
(pronoun) (verb) (gerund),(pronoun) (gerund) ꓔꓬ ꓟ (verb)
(pronoun) (verb) (name),(pronoun) ꓡꓰ (name) ꓔꓯ (verb)ˍ ꓡꓳ
(pronoun) (verb) (noun),(pronoun) ꓡꓰ (noun) ꓔꓯ (verb)ˍ ꓡꓳ
(pronoun) are (adjective),(pronoun) ꓠꓬ (adjective) ꓥ ꓡꓳ
(pronoun) created (name),(pronoun) ꓡꓰ (name) ꓔꓯ ꓚꓰꓼˍ ꓡꓳ
(pronoun) created (noun),(pronoun) ꓡꓰ (noun) ꓔꓯ ꓚꓰꓼˍ ꓡꓳ
(pronoun) created (noun) and said (quote),(pronoun) ꓡꓰ (noun) ꓔꓯ ꓚꓰꓼˍ ꓢꓲ ꓠꓬꓲ꓾ (quote) ꓐꓯˍ ꓡꓳ
(pronoun) created (noun) and the (noun),(pronoun) ꓡꓰ (noun) ꓐꓰ (noun) ꓔꓯ ꓚꓰꓼˍ ꓡꓳ
(pronoun) created the (noun),(pronoun) ꓡꓰ (noun) ꓔꓯ ꓚꓰꓼˍ ꓡꓳ
(pronoun) finished (gerund),(pronoun) (gerund) ꓬꓰ ꓓꓳ ꓡꓰꓳ
(pronoun) have nothing,(pronoun) ꓠꓯꓸꓼ ꓗꓪ ꓮ ꓫꓵˍ ꓟꓲ ꓟꓽ ꓙꓳ
(pronoun) is (adjective),(pronoun) ꓠꓬ (adjective)
(pronoun) is nothing,(pronoun) ꓠꓬ ꓬꓲ ꓖꓳꓽ ꓥ ꓡꓳ
(pronoun) said,(pronoun) ꓡꓰ ꓐꓯˍ ꓡꓳ
(pronoun) said (name),(pronoun) ꓡꓰ (name) ꓐꓯˍ ꓡꓳ
(pronoun) said let there be (noun),(pronoun) ꓡꓰ (noun) ꓙꓳꓻ ꓡ ꓝꓲ꓾ ꓐꓯˍ ꓡꓳ꓿
(pronoun) said the (noun),(pronoun) ꓡꓰ (noun) ꓐꓯˍ ꓡꓳ
(pronoun) stopped (gerund),(pronoun) (gerund) ꓔꓯ ꓠ: ꓗꓷˍ ꓡꓳ
(pronoun) the (verb) (noun),(pronoun) ꓡꓰ (noun) ꓔꓯ (verb)ˍ ꓡꓳ
(pronoun)(noun) said (subjects),(pronoun)(noun) ꓡꓰ (subjects) ꓐꓯˍ ꓡꓳ"
Proverbs,ꓥꓳꓽ ꓙꓱꓸꓹ ꓕꓳꓽ ꓶ
purse,ꓒꓴ ꓗꓶ ꓓꓴ

---- "Q" starts here ----

quick,ꓠꓲꓸ ꓞ
quickly,ꓡꓪꓽ
quickly (verb),ꓡꓪꓽ (verb)

---- "R" starts here ----

rain,ꓟꓶ: ꓦ
resting,ꓠ: ꓔꓬˍ
rib,ꓠꓱꓺ ꓖꓴ:
ribs,ꓠꓱꓺ ꓖꓴ:
rice,ꓜꓺ
rule over,ꓙꓵꓽ ꓪꓽ ꓣꓱꓽ
Rule over every living creature that moves on the ground.,ꓟꓲ ꓠꓯ ꓕꓯ ꓢꓲ ꓗꓪ ꓡꓵ ꓔꓬˍ ꓟ ꓢꓯ. ꓔꓬˍ ꓡꓳ ꓫꓵ ꓥ ꓕ ꓑꓳ ꓕꓯ ꓢꓲ ꓗꓪ ꓙꓵ: ꓪ ꓙꓳ ꓝꓲ=
Rule over the fish in the sea and the birds in the sky and over every living creature that moves on the ground.,ꓬꓲ ꓡꓴ ꓐꓱ ꓗꓪ ꓟ ꓥꓪ.ˍ ꓐꓰ꓾ ꓟꓵ: ꓪꓴ ꓗꓪ ꓟ ꓠꓬ, ꓤ ꓙꓱ ꓤˍ ꓐꓰ꓾ ꓟꓲ ꓠꓯ ꓕꓯ ꓢꓲ ꓗꓪ ꓡꓵ ꓔꓬˍ ꓟ ꓢꓯ. ꓔꓬˍ ꓡꓳ ꓫꓵ ꓥ ꓕ ꓑꓳ ꓕꓯ ꓢꓲ ꓗꓪ ꓙꓵ: ꓪ ꓙꓳ ꓝꓲ=
rush,ꓔꓷꓹ ꓟ, "same meaning as Fast"
rush,ꓞ ꓞ ꓬꓰˍ ꓟ

---- "S" starts here ----

said,ꓐꓯˍ ꓡꓳ꓿
said (final verb + sentence end),ꓐꓯˍ ꓡꓳ꓿
said (final verb + sentence end),ꓐꓯˍ ꓡꓳ꓿
saw,ꓟꓳꓻ ꓗꓷˍ ꓡꓳ꓿
saw,ꓡꓳ. ꓟꓳˍ
say,ꓐꓯˍ
sea,ꓬꓲꓻ ꓡꓴ ꓐꓱ
seasons,ꓬꓲ ꓝꓲ.
second,ꓠꓬꓲ:
second day,ꓠꓬꓲ: ꓠꓬꓲ
seed,ꓬꓲ ꓫꓵ.
(sentence end),ꓡꓳ꓿
separated,ꓐꓱꓻ ꓗꓷˍ ꓡꓳ
separated the light from the darkness,ꓠꓬꓲ ꓟꓳ ꓓꓴˍ ꓐꓰ ꓠꓯ ꓞꓲ, ꓟ ꓔꓯ ꓐꓱꓻ ꓗꓷˍ ꓡꓳ
seventh day,ꓫꓵ: ꓠꓬꓲ ꓕꓲ ꓠꓬꓲ
she,ꓬꓲ.
shed,ꓧꓳꓸ
shed blood,ꓫꓵꓽ ꓔꓯ ꓧꓳꓸ
shell,ꓘꓳ, ꓛꓱ,
sight,ꓒꓬꓱꓽ ꓕꓯ
signs,ꓢꓷ ꓡꓰ ꓓꓴ
sinful man,ꓝꓴꓲ ꓬꓰ ꓢꓴ
sinful men,ꓝꓴꓲ ꓬꓰ ꓢꓴ
sit,ꓠꓬꓲ ꓠꓸ
sit and eat,ꓠꓬꓲ ꓠꓸ ꓢꓲ ꓜꓽ
sixth day,ꓛꓳ; ꓠꓬꓲ ꓕꓲ ꓠꓬꓲ
sky,ꓟꓴ ꓗꓪ
sleep,ꓬꓲ; ꓟꓶ
slowly,ꓞ ꓞ ꓡꓰ
slowly (verb),ꓞ ꓞ ꓡꓰ (verb)
so,ꓖꓳꓽ ꓡꓱ ꓠꓬꓲ꓾
so loud, "ꓬꓲꓸ ꓢꓯꓼ ꓮ ꓘꓶꓸ ꓟꓶˍ ꓟ"
so many, "ꓮ ꓟꓬ ꓟ"
so many birds, "ꓠꓬꓹ ꓮ ꓟꓬ ꓟ"
so many streets, "ꓙ ꓖꓴ ꓮ ꓟꓬ ꓟ"
soil,ꓠꓱ ꓦꓱ:
someday, "ꓕꓲꓽ ꓠꓬꓲ ꓙꓳˍ ꓠꓬ"
speak loudly,ꓬꓲꓸ ꓢꓯꓼ ꓓꓽ ꓟ ꓬꓰ ꓢꓲꓸ ꓫ ꓪ ꓕꓱ ꓟ
speake louder, "ꓬꓲꓸ ꓢꓯꓼ ꓓꓽ ꓟ ꓬꓰ ꓢꓲꓸ ꓫ ꓪ ꓕꓱ"
Spirit,ꓦꓻ
Spirit of God,ꓪꓴ-ꓢ ꓦꓻ
sprung up,ꓣꓱ ꓡ
stop,ꓠ: ꓗꓷ
stopped,ꓠ: ꓗꓷꓳ
stopped (action),(action) ꓠ: ꓗꓷꓳ
stopped (action),(action) ꓠ: ꓗꓷꓳ"
street,ꓙ ꓖꓴ
streets, "ꓙ ꓖꓴ"
subdue the earth,ꓟꓲ ꓠꓯ ꓕꓱ ꓟ ꓔꓯ ꓙꓵ: ꓝꓲ
(subject) (verb) (object) and the (object),(subject) ꓡꓰ (object) ꓐꓰ (object) ꓔꓯ (verb)ˍ ꓡꓳ
(subject) (verb) (object1) and (object2),(subject) ꓡꓰ (object1) ꓐꓰ (object2) ꓔꓯ (verb)ˍ ꓡꓳ
(subject) (verb) the (object),(subject) ꓡꓰ (object) ꓔꓯ (verb)ˍ ꓡꓳ
(subject) called (object1) (object2),(subject) ꓡꓰ (object1) ꓔꓯ (object2) ꓐꓰ ꓟꓬꓱꓺ ꓖꓶˍ ꓡꓳ
(subject) created (object) and (object),(subject) ꓡꓰ (object) ꓐꓰ (object) ꓔꓯ ꓚꓰ;ˍ ꓡꓳ
(subject) is (adjective),(subject) ꓠꓬ (adjective) ꓥ ꓡꓳ
(subject) said (quote),(subject) ꓡꓰ (quote) ꓐꓯˍ ꓡꓳ
(subject) saw that (object) was (adjective),(object) ꓠꓬ (adjective) ꓟ ꓥ ꓡꓳ꓾ ꓐꓰ (subject) ꓟꓳꓻ ꓗꓷˍ ꓡꓳ
suitable,ꓚꓱꓺ ꓧꓳˍ ꓟ
surely,ꓚꓵ ꓚꓵ
surface,ꓘꓳ, ꓛꓱ,
surface of the ground,ꓟꓲ ꓠꓯ ꓘꓳ, ꓛꓱ,
swift,ꓞ ꓞ ꓬꓰˍ ꓟ, useage: Adverb
swift,ꓕꓷꓸ ꓟ, "usage: Adjective"
swift,ꓞˍ ꓟ
switt runner,ꓮ ꓘꓶ ꓕꓷꓸˍ ꓠ ꓔꓶ ꓐ ꓡ ꓢꓴ

---- "T" starts here ----

teaching,ꓟꓸ ꓘꓶ
thank you,ꓮ ꓣꓳꓼ ꓐꓯ,usage: expressing gratitude
thank you very much,ꓮ ꓘꓶ ꓮ ꓣꓳꓼ ꓐꓯ,usage: expressing gratitude
thanks,ꓮ ꓣꓳꓼ ꓐꓯ,usage: expressing gratitude
that alone,ꓖꓳ ꓕꓲꓽ ꓟˍ ꓡꓰ, "useage: that alone costs five dollars"
the (objects, foods, subject),(objects, foods, subject) ꓕꓱ ꓟ ꓠꓬ, "usage: the person, the guy, the food and the feeling"
the birds in the sky,ꓟꓵ: ꓪꓴ ꓗꓪ ꓟ ꓠꓬ, ꓤ
the darkness he called “night.”,ꓠꓯ ꓞꓲ, ꓟ ꓔꓯ ꓠꓬ ꓬꓲ ꓡꓰ꓾ ꓢ ꓘꓪ꓾ ꓐꓰ ꓟꓬꓱ ꓖꓶˍ ꓡꓳ=
the earth brought forth grass,ꓟꓲ ꓠꓯ ꓗꓪ ꓟꓳ; ꓤ ꓫꓵ. ꓤˍ ꓣꓱ ꓡˍ ꓡꓳ
the first day,ꓬꓲ ꓪꓴ. ꓕꓲ ꓠꓬꓲ ꓥ ꓡꓳ=
the fish from the sea,ꓬꓲ ꓡꓴ ꓐꓱ ꓗꓪ ꓟ ꓥꓪ.
the fruit tree,ꓢꓶ, ꓢꓶ ꓓꓱ;ˍ ꓟ ꓢꓲ, ꓜꓲ
the gathered waters,ꓕꓲ ꓪꓺ; ꓐꓰ ꓜꓲ; ꓞˍ ꓟ ꓬꓲ ꓙꓬ
the herb yielding seed,,ꓬꓲ ꓫꓵ. ꓓꓱ;ˍ ꓟ ꓪꓳ: ꓫꓵ ꓪꓳ ꓙꓰ:ˍ ꓐꓰ꓾
the man,ꓡ ꓞꓳ ꓖꓳ ꓟ
the man whom he had formed,ꓬꓲ ꓡꓰ ꓚꓰ; ꓔˍ ꓟ ꓞꓳ ꓤ
the second day,ꓠꓬꓲ: ꓠꓬꓲ ꓕꓲ ꓠꓬꓲ
the sky,ꓟꓴ ꓗꓪ
the third day,ꓢ ꓠꓬꓲ ꓕꓲ ꓠꓬꓲ
the water is good,ꓬꓲ ꓙꓬ ꓕꓱ ꓟ ꓠꓬ ꓙꓲˍ ꓡꓳ, usage: (the)(objects, foods, subject)
their feet rush into evil,ꓬꓲ ꓪ ꓛꓲ ꓒꓯ ꓠꓽ ꓥꓶˍ ꓟ ꓬꓰ ꓠꓹ ꓟ ꓔꓷꓹ ꓙꓰˍ ꓡꓳ
them,ꓬꓲ. ꓪ
themselves,ꓬꓲ ꓪ ꓠꓬ ꓚꓲ ꓛꓬ
then,ꓖꓳ ꓡꓱ ꓗ ꓠꓯꓸꓼ
Then God blessed the seventh day and made it holy.,ꓖꓳ ꓡꓱ ꓠꓬ ꓪꓴ-ꓢ ꓡꓰ ꓫꓵ: ꓠꓬꓲ ꓕꓲ ꓠꓬꓲ ꓔꓯ ꓶ; ꓥꓳ ꓙꓱ ꓖꓶ ꓢꓲ꓾ ꓦꓬ; ꓠꓬꓲ ꓖꓳ ꓕꓲ ꓠꓬꓲ ꓔꓯ ꓢꓲ ꓫꓬ ꓡꓰ ꓝꓲˍ ꓡꓳ=
there,ꓖꓳ ꓗꓪ
there was light,ꓠꓬꓲ ꓟꓳ ꓓꓴ ꓙꓳ ꓡˍ ꓡꓳ
there was no one to work,ꓟꓬꓱ: ꓬꓰ ꓢꓴ ꓞꓳ ꓤˍ ꓟꓲ ꓟ: ꓙꓳ
there was no one to work the ground,ꓟꓲ ꓠꓯ ꓗꓪ ꓟꓬꓱ: ꓬꓰ ꓜ: ꓢꓴ ꓞꓳ ꓤˍ ꓟꓲ ꓟ: ꓙꓳ ꓢꓰ
there went up a mist from the earth,,ꓟꓴ ꓗꓴ. ꓠꓬ ꓟꓲ ꓠꓯ ꓗꓪ ꓐꓰ ꓓꓯ ꓙꓰ ꓢꓲ꓾
therefore,ꓖꓳꓽ ꓟ ꓑꓶ. ꓓꓴ
they,ꓬꓲ. ꓪ
they ambush only themselves,ꓬꓲ ꓪ ꓠꓬ ꓚꓲ ꓛꓬ ꓢꓯꓼ ꓟꓬ ꓔꓯ ꓘꓽ ꓠꓹ ꓟ ꓘꓳ ꓫꓱ ꓫꓱˍ ꓗꓪ ꓦꓴ ꓠꓬˍ ꓡꓳ꓿
they are swift to shed blood,ꓬꓲ ꓪ ꓠꓬ ꓫꓵꓽ ꓔꓯ ꓧꓳꓸ ꓡꓰ ꓝꓲ ꓠꓹ ꓟ ꓠꓲꓹ ꓞ ꓬꓰˍ ꓡꓳ
they become one,ꓬꓲ ꓪ ꓠꓬ ꓕꓲ ꓟˍ ꓡꓰ: ꓒꓬꓱ ꓬꓰˍ ꓥꓳ
they become one flesh,ꓬꓲ ꓪ ꓠꓬ ꓕꓲ ꓧꓪ:ˍ ꓡꓰ: ꓒꓬꓱ ꓬꓰˍ ꓥꓳ
they may rule over (subject),(subject) ꓕꓯ ꓢꓲ ꓗꓪ ꓬꓲ ꓪ ꓔꓯ ꓙꓵ: ꓪ ꓙꓳ ꓝꓲ
they may rule over (subject),(subject) ꓕꓯ ꓢꓲ ꓗꓪ ꓬꓲ ꓪ ꓔꓯ ꓙꓵ: ꓪ ꓙꓳ ꓝꓲ
things,ꓬꓲ ꓫꓵꓽ ꓬꓲ ꓙꓰ
third day,ꓢ ꓠꓬꓲ
three,ꓢ
three days,ꓢ ꓠꓬꓲ
Thus the heavens and the earth were completed in all their vast array,ꓖꓳ ꓡꓱ ꓠꓬ ꓟꓴ ꓗꓪˍ ꓐꓰ ꓟꓲ ꓠꓯˍ ꓐꓰ ꓖꓳ ꓗꓪ ꓙꓳˍ ꓟ ꓥ ꓕ ꓑꓳ ꓮ ꓙꓵ ꓚꓰ; ꓓꓳ ꓡꓰꓳ=
to,ꓠꓹ ꓟ
to (noun, pronoun, person, name), "(noun, pronoun, person, name) ꓔꓯ"
to (verb),(verb) ꓠ, ꓟ
to (verb),(verb) ꓠ, ꓟ
to divide,ꓐꓱꓻ ꓠ, ꓟ
to divide the day from the night,ꓟꓳ; ꓡꓳˍ ꓐꓰ ꓢ ꓘꓪ ꓔꓯ ꓐꓱꓻ ꓠ, ꓟ
to do evil,ꓥꓶˍ ꓟ ꓬꓰ ꓠꓹ ꓟ
to shed blood,ꓫꓵꓽ ꓔꓯ ꓧꓳꓸ ꓡꓰ ꓝꓲ ꓠꓹ ꓟ
today,ꓠꓬꓲꓸ ꓠꓬꓲ
today is the (day),ꓠꓬꓲꓸ ꓠꓬꓲ ꓠꓬ (day) ꓥ ꓡꓳ
today is the (day),ꓠꓬꓲꓸ ꓠꓬꓲ ꓠꓬ (day) ꓥ ꓡꓳ
tree,ꓢꓲ, ꓜꓲ

---- "U" starts here ----

under,ꓠꓯ. ꓘꓪ
united,ꓠꓷ; ꓡꓰ
united to his wife,ꓬꓲ ꓤ ꓟꓶ ꓔꓯ ꓠꓷ; ꓡꓰˍ ꓥꓳ
useless,ꓮꓽ ꓔꓳˍ ꓡꓰ ꓥ ꓡꓳ

---- "V" starts here ----

vain,ꓮꓽ ꓔꓳˍ ꓡꓰ ꓥ ꓡꓳ
very,ꓮ ꓘꓶ
very (adjective),ꓮ ꓘꓶ (adjective)
very (adjective),ꓮ ꓘꓶ (adjective)
very good,ꓮ ꓘꓶ ꓙꓲˍ
very loud, "ꓬꓲꓸ ꓢꓯꓼ ꓮ ꓘꓶꓸ ꓟꓶˍ ꓟ"

---- "W" starts here ----

walk,ꓫꓱ
walk quickly,ꓞ ꓞ ꓙꓰ
was,ꓠꓬ, "verb"
wash with water, "ꓬꓲ ꓙꓬ ꓐꓰ ꓞꓲ", "usage: the word 'with' is same as 'using'"
water,ꓬꓲ ꓙꓬ
we,ꓣꓳ
we are united,ꓥꓪ ꓠꓴ ꓮ ꓙꓵꓽ ꓠꓬ ꓕꓲꓽ ꓟˍ ꓥ ꓡꓳ
we will be united,ꓥꓪ ꓠꓴ ꓮ ꓙꓵꓽ ꓠꓬ ꓕꓲꓽ ꓟˍ ꓗꓷ ꓬꓰˍ ꓥꓳ
we will get all sorts of valuable things,ꓣꓳ ꓐꓴ ꓠꓬ ꓒꓵꓽˍ ꓟ ꓖꓴ ꓙꓴ ꓬꓲ ꓫꓵꓽ ꓬꓲ ꓙꓰ ꓟꓶ ꓡꓰˍ ꓥꓳ
welcome,ꓡ ꓟ ꓔꓯ ꓧꓳꓽ ꓡꓳ,usage: greeting welcome
were,ꓠꓬ, "verb"
what happened,ꓮ ꓡꓰ ꓔ
what is (object),(object) ꓠꓬ ꓮ ꓡꓰ ꓪ?
what is (object),(object) ꓠꓬ ꓮ ꓡꓰ ꓪ?
when you eat it,ꓖꓳꓽ ꓟ ꓔꓯ ꓜꓽˍ ꓠꓬ, "note: [when you] and [if you] are not the same"
when you eat it you will certainly die,ꓠꓴ ꓖꓳ ꓟ ꓔꓯ ꓜ:ˍ ꓠꓬ ꓠꓴ ꓚꓵ ꓚꓵ ꓫꓵꓻˍ ꓥꓳ
where,ꓮ ꓡꓰ ꓗꓪ
wild animal,ꓡꓲ ꓛꓲ ꓗꓪ ꓟ ꓙꓱꓽ ꓤ
will (verb),(verb)ˍ ꓥꓳ
will die,ꓫꓵꓻˍ ꓥꓳ
Wisdom,ꓙ ꓗꓴ ꓠꓲꓹ
with,ꓐꓰ
with plunder,ꓦꓴ ꓟꓶ ꓓꓴ ꓡꓰ
with us,ꓥꓪ ꓠꓴˍ ꓐꓰ
with you, "ꓠꓴ ꓐꓰ ꓕꓲꓽ ꓛꓳˍ",usage: 'with' acts as 'together', do something together
wonderful,ꓮ ꓘꓶ ꓙꓲˍ ꓟ
work,ꓟꓬꓱ:
working,ꓟꓬꓱ: ꓬꓰ
working,ꓟꓬꓱ:
wow!,ꓮ ꓘꓶ!

---- "Y" starts here ----

year,ꓘꓳ;
years,ꓘꓳ;
yielding fruit,ꓢꓶ, ꓢꓶ ꓓꓱ;ˍ ꓟ
you,ꓠꓴ
you alone,ꓠꓴˍ ꓡꓰ,usage: you alone in my heart
you are,ꓠꓴ ꓠꓬ
you are (an indefinite article)(noun).,ꓠꓴ ꓠꓬ (noun) (an indefinite article) ꓥ ꓡꓳ꓿
you are (an indefinite article)(noun).,ꓠꓴ ꓠꓬ (noun) (an indefinite article) ꓥ ꓡꓳ꓿
You are free to eat,ꓮ ꓡꓲ ꓠꓲ, ꓫꓵˍ ꓠꓬ ꓮ ꓡꓲ ꓜ: ꓛꓵˍ ꓡꓳ
You are free to eat,ꓮ ꓡꓲ ꓠꓲ, ꓫꓵˍ ꓠꓬ ꓮ ꓡꓲ ꓜ: ꓛꓵˍ ꓡꓳ
You are free to eat from any tree,ꓢꓲ, ꓜꓲ ꓡꓳ ꓜꓲ ꓗꓪ ꓓꓱ;ˍ ꓟ ꓢꓶ, ꓢꓶ ꓮ ꓙꓵ ꓔꓯ꓾ ꓮ ꓡꓲ ꓠꓲ, ꓫꓵˍ ꓠꓬ ꓮ ꓡꓲ ꓧ; ꓜ: ꓛꓵˍ ꓡꓳ
You are free to eat from any tree in the garden,ꓐꓱ ꓠꓯꓸꓼ ꓗꓪ ꓟ ꓢꓲ, ꓜꓲ ꓡꓳ ꓜꓲ ꓗꓪ ꓓꓱ;ˍ ꓟ ꓢꓶ, ꓢꓶ ꓮ ꓙꓵ ꓠꓬ꓾ ꓮ ꓡꓲ ꓠꓲ, ꓫꓵˍ ꓠꓬ ꓮ ꓡꓲ ꓧ; ꓜ: ꓛꓵˍ ꓡꓳ
you are not alone,ꓠꓴ ꓠꓬ ꓕꓲ ꓣꓳ ꓔꓵꓸꓼ ꓟꓽ ꓥ꓿
you must not eat,ꓠꓴ ꓜ: ꓟ: ꓓ
you must not eat from the tree,ꓢꓲ, ꓜꓲ ꓡꓳ ꓜꓲ ꓕꓱ ꓟ ꓗꓪ ꓓꓱ;ˍ ꓟ ꓢꓶ, ꓢꓶ ꓔꓯ ꓠꓴ ꓜ: ꓟ: ꓓ
you will certainly die,ꓠꓴ ꓚꓵ ꓚꓵ ꓫꓵꓻˍ ꓥꓳ
you will have food, "ꓠꓴ ꓔꓯ ꓜꓺ ꓓꓴ ꓙꓳˍ ꓡ ꓥꓳ꓿"
you will see them on the street, "ꓠꓴ ꓬꓲ ꓪ ꓔꓯ ꓙ ꓖꓴ ꓕꓯꓽ ꓢꓲ ꓗꓪ ꓟꓳꓻ ꓗꓷˍ ꓥꓳ"

---- "Z" starts here ----

zero,ꓬꓲ ꓖꓳ:
